<?xml version="1.0" encoding="UTF-8"?>
<project-private xmlns="http://www.netbeans.org/ns/project-private/1">
    <editor-bookmarks xmlns="http://www.netbeans.org/ns/editor-bookmarks/2" lastBookmarkId="0"/>
    <open-files xmlns="http://www.netbeans.org/ns/projectui-open-files/2">
        <group>
            <file>file:/C:/Dev/Tugas%206%20PBO%20Mila/Tugas_Membuat_Class/src/membuatclass/Biodata.java</file>
            <file>file:/C:/Dev/Tugas%206%20PBO%20Mila/Tugas_Membuat_Class/src/membuatclass/Utama.java</file>
        </group>
    </open-files>
</project-private>
